initial,answer,clue,category,level,example
ㄱ,가게,tienda; negocio,lugares,1,가게에서 주스를 사요.
ㄱ,가격,precio,compras,1,시장에서 채소를 사면 가격이 싸요.
ㄱ,가깝다,estar cerca,adjetivos,1,우리 집은 학교에서 가까워요.
ㄱ,가끔,a veces,adverbios,1,친구는 가끔 운동을 해요.
ㄱ,가다,ir,verbos,1,저는 매일 학교에 가요.
ㄲ,깨끗하다,estar limpio,adjetivos,1,방을 청소해서 깨끗해요.
ㄲ,꽃,flor,naturaleza,1,꽃이 예뻐요.
ㄲ,꿈,sueño,vida diaria,1,좋은 꿈이에요.
ㄲ,끝,fin,finalización,1,끝이에요.
ㄲ,끝나다,terminar; finalizar,verbos,1,회사 일은 오후 6시에 끝나요.
ㄴ,나가다,salir,verbos,1,아버지는 아침에 집에서 나가요.
ㄴ,나라,país; nación,lugares,1,어느 나라 사람이에요?
ㄴ,나쁘다,ser malo,adjetivos,1,날씨가 나빠서 밖에 나가지 않아요.
ㄴ,나이,edad,personas,1,나이가 몇 살이에요?
ㄴ,나중,luego; después,tiempo,1,나중에 만나요.
ㄷ,다섯,cinco,números,1,다섯 명이에요.
ㄷ,다시,de nuevo; otra vez,adverbios,1,내년에 다시 가고 싶어요.
ㄷ,다음,siguiente; próximo,tiempo,1,다음 주말에 만나요.
ㄷ,닫다,cerrar,verbos,1,문을 닫아요.
ㄷ,달리다,correr,verbos,1,아침에 공원에서 달려요.
ㄸ,따뜻하다,ser cálido; estar templado,adjetivos,1,봄에는 날씨가 따뜻해요.
ㄸ,딸,hija,familia,1,딸이 있어요.
ㄸ,딸기,frutilla,comida,1,딸기를 좋아해요.
ㄸ,또,también; otra vez,adverbios,1,어제 입은 옷을 오늘 또 입어요.
ㄹ,라디오,radio,medios,1,라디오를 들어요.
ㄹ,라면,ramen/comida instantánea,comida,1,라면을 먹어요.
ㄹ,러시아,Rusia,países,1,러시아 사람이에요.
ㄹ,레몬,limón,comida,1,레몬을 좋아해요.
ㄹ,로봇,robot,tecnología,1,로봇이 움직여요.
ㅁ,마시다,beber,verbos,1,운동을 한 후에 물을 마셔요.
ㅁ,만나다,encontrarse; conocer,verbos,1,학교 앞에서 친구를 만나요.
ㅁ,만들다,hacer; crear; fabricar,verbos,1,나무로 종이를 만들어요.
ㅁ,많다,haber mucho; ser numeroso,adjetivos,1,공항에 사람이 많아요.
ㅁ,많이,mucho,adverbios,1,밥을 많이 먹었어요.
ㅂ,받다,recibir,verbos,1,친구의 전화를 받았어요.
ㅂ,발,pie,cuerpo,1,발이 아파요.
ㅂ,밤,noche,tiempo,1,밤에는 잠을 자요.
ㅂ,밥,arroz (cocido)/comida,comida,1,밥을 먹어요.
ㅂ,방,habitación; cuarto,hogar,1,방이 넓어요.
ㅃ,빨간색,color rojo,colores,1,빨간색 꽃이에요.
ㅃ,빨갛다,ser rojo,adjetivos,1,가을에는 단풍이 빨개요.
ㅃ,빨리,rápidamente,adverbios,1,바빠서 밥을 빨리 먹었어요.
ㅃ,빵,pan,comida,1,빵을 먹어요.
ㅃ,빵집,panadería,lugares,1,빵집에 가요.
ㅅ,사,cuatro,números,1,사월이에요.
ㅅ,사과,manzana,comida,1,사과를 먹어요.
ㅅ,사다,comprar,verbos,1,시장에서 사과를 사요.
ㅅ,사람,persona,personas,1,좋은 사람이에요.
ㅅ,사진,foto; fotografía,objetos,1,여행에서 사진을 찍었어요.
ㅆ,쌀,arroz,comida,1,쌀을 샀어요.
ㅆ,쓰다,escribir; usar; ponerse,verbos,1,공책에 이름을 써요.
ㅆ,쓰레기,basura,medio ambiente,1,쓰레기를 버려요.
ㅆ,씨,señor/señora,personas,1,민수 씨 안녕하세요.
ㅆ,씻다,lavar; lavarse,verbos,1,비누로 손을 씻어요.
ㅇ,아래,debajo,ubicación,1,의자 아래에 있어요.
ㅇ,아버지,padre,familia,1,아버지는 회사원이에요.
ㅇ,아주,muy,adverbios,1,제 동생은 공부를 아주 잘해요.
ㅇ,아직,todavía; aún,adverbios,1,아직 회사에서 일해요.
ㅇ,아침,mañana; desayuno,tiempo,1,저는 아침 7시에 일어나요.
ㅈ,자주,a menudo; frecuentemente,adverbios,1,저는 영화를 자주 봐요.
ㅈ,작년,el año pasado,tiempo,1,저는 작년에 대학교를 졸업했어요.
ㅈ,작다,ser pequeño; bajo,adjetivos,1,동생은 손이 작아요.
ㅈ,잘하다,hacer bien; ser bueno en algo,verbos,1,저는 한국어를 잘해요.
ㅈ,잠시,un momento; por un momento,tiempo,1,잠시 기다려 주세요.
ㅉ,짧다,ser corto,adjetivos,1,저는 짧은 치마를 좋아해요.
ㅉ,찌개,guiso coreano,comida,1,김치찌개를 좋아해요.
ㅉ,찍다,tomar una foto; marcar; estampar,verbos,1,여행을 가서 사진을 찍었어요.
ㅊ,차,té,bebidas,1,따뜻한 차를 마셔요.
ㅊ,차,automóvil; coche,transporte,1,차를 타고 회사에 가요.
ㅊ,창문,ventana,hogar,1,창문을 열어요.
ㅊ,찾다,buscar; encontrar,verbos,1,잃어버린 지갑을 찾았어요.
ㅊ,책,libro,objetos,1,도서관에서 책을 읽어요.
ㅋ,컵,taza; vaso,utensilios,1,컵에 물이 있어요.
ㅋ,케이크,pastel,comida,1,케이크를 먹어요.
ㅋ,코,nariz,cuerpo,1,코가 아파요.
ㅋ,크다,ser grande; alto,adjetivos,1,수박은 사과보다 커요.
ㅋ,키,altura,personas,1,제 친구는 저보다 키가 작아요.
ㅌ,타다,subir a; tomar un transporte,verbos,1,지하철을 타고 학교에 가요.
ㅌ,텔레비전,televisión,medios,1,텔레비전을 봐요.
ㅌ,토요일,sábado,tiempo,1,토요일에 쉬어요.
ㅍ,파란색,color azul,colores,1,파란색 하늘이에요.
ㅍ,파스타,pasta,comida,1,파스타를 먹어요.
ㅍ,팔,ocho,números,1,팔 시예요.
ㅍ,팔,brazo,cuerpo,1,팔을 들어요.
ㅍ,팔다,vender,verbos,1,시장에서 과일을 팔아요.
ㅍ,편의점,tienda de conveniencia,lugares,1,편의점에서 물을 샀어요.
ㅍ,편지,carta,comunicación,1,부모님께 편지를 써요.
ㅍ,피자,pizza,comida,1,피자를 먹어요.
ㅎ,하나,uno,números,1,사과 하나 주세요.
ㅎ,하늘,cielo,naturaleza,1,하늘이 파래요.
ㅎ,하다,hacer,verbos,1,숙제를 해요.
ㅎ,하루,un día,tiempo,1,하루 동안 서울을 여행했어요.
ㅎ,하얀색,color blanco,colores,1,하얀색 옷이에요.
